{"pages":["Roboto-Italic.png"],"chars":[{"id":40,"index":12,"char":"(","width":18,"height":47,"xoffset":0,"yoffset":0,"xadvance":14,"chnl":15,"x":0,"y":0,"page":0},{"id":41,"index":13,"char":")","width":18,"height":47,"xoffset":-4,"yoffset":0,"xadvance":14,"chnl":15,"x":0,"y":48,"page":0},{"id":1046,"index":218,"char":"Ж","width":45,"height":34,"xoffset":-4,"yoffset":4,"xadvance":37,"chnl":15,"x":0,"y":96,"page":0},{"id":1092,"index":247,"char":"ф","width":30,"height":44,"xoffset":0,"yoffset":3,"xadvance":30,"chnl":15,"x":19,"y":0,"page":0},{"id":1168,"index":303,"char":"Ґ","width":28,"height":41,"xoffset":-1,"yoffset":-3,"xadvance":22,"chnl":15,"x":19,"y":45,"page":0},{"id":1044,"index":217,"char":"Д","width":35,"height":41,"xoffset":-4,"yoffset":4,"xadvance":31,"chnl":15,"x":0,"y":131,"page":0},{"id":1031,"index":972,"char":"Ї","width":18,"height":41,"xoffset":-1,"yoffset":-3,"xadvance":11,"chnl":15,"x":0,"y":173,"page":0},{"id":1049,"index":981,"char":"Й","width":31,"height":41,"xoffset":-1,"yoffset":-3,"xadvance":29,"chnl":15,"x":0,"y":215,"page":0},{"id":1062,"index":224,"char":"Ц","width":31,"height":41,"xoffset":-1,"yoffset":4,"xadvance":30,"chnl":15,"x":19,"y":173,"page":0},{"id":1064,"index":226,"char":"Ш","width":41,"height":34,"xoffset":-1,"yoffset":4,"xadvance":38,"chnl":15,"x":36,"y":131,"page":0},{"id":1065,"index":227,"char":"Щ","width":41,"height":41,"xoffset":-1,"yoffset":4,"xadvance":39,"chnl":15,"x":46,"y":87,"page":0},{"id":1052,"index":982,"char":"М","width":38,"height":34,"xoffset":-1,"yoffset":4,"xadvance":36,"chnl":15,"x":48,"y":45,"page":0},{"id":1070,"index":232,"char":"Ю","width":38,"height":35,"xoffset":-1,"yoffset":4,"xadvance":37,"chnl":15,"x":50,"y":0,"page":0},{"id":1078,"index":238,"char":"ж","width":38,"height":26,"xoffset":-4,"yoffset":12,"xadvance":31,"chnl":15,"x":87,"y":36,"page":0},{"id":1060,"index":223,"char":"Ф","width":32,"height":36,"xoffset":0,"yoffset":3,"xadvance":31,"chnl":15,"x":0,"y":257,"page":0},{"id":1073,"index":234,"char":"б","width":25,"height":36,"xoffset":0,"yoffset":2,"xadvance":23,"chnl":15,"x":32,"y":215,"page":0},{"id":1028,"index":211,"char":"Є","width":28,"height":35,"xoffset":1,"yoffset":4,"xadvance":27,"chnl":15,"x":89,"y":0,"page":0},{"id":1047,"index":219,"char":"З","width":27,"height":35,"xoffset":-1,"yoffset":4,"xadvance":24,"chnl":15,"x":118,"y":0,"page":0},{"id":1054,"index":984,"char":"О","width":28,"height":35,"xoffset":1,"yoffset":4,"xadvance":28,"chnl":15,"x":51,"y":166,"page":0},{"id":1057,"index":987,"char":"С","width":28,"height":35,"xoffset":0,"yoffset":4,"xadvance":27,"chnl":15,"x":78,"y":129,"page":0},{"id":1088,"index":994,"char":"р","width":26,"height":35,"xoffset":-3,"yoffset":11,"xadvance":23,"chnl":15,"x":88,"y":63,"page":0},{"id":1091,"index":996,"char":"у","width":26,"height":35,"xoffset":-4,"yoffset":12,"xadvance":19,"chnl":15,"x":0,"y":294,"page":0},{"id":1096,"index":250,"char":"ш","width":35,"height":26,"xoffset":-1,"yoffset":12,"xadvance":33,"chnl":15,"x":88,"y":99,"page":0},{"id":1097,"index":251,"char":"щ","width":35,"height":33,"xoffset":-1,"yoffset":12,"xadvance":34,"chnl":15,"x":115,"y":63,"page":0},{"id":63,"index":35,"char":"?","width":20,"height":35,"xoffset":1,"yoffset":4,"xadvance":19,"chnl":15,"x":146,"y":0,"page":0},{"id":48,"index":20,"char":"0","width":23,"height":35,"xoffset":0,"yoffset":4,"xadvance":23,"chnl":15,"x":0,"y":330,"page":0},{"id":51,"index":23,"char":"3","width":24,"height":35,"xoffset":-1,"yoffset":4,"xadvance":23,"chnl":15,"x":0,"y":366,"page":0},{"id":56,"index":28,"char":"8","width":24,"height":35,"xoffset":-1,"yoffset":4,"xadvance":23,"chnl":15,"x":24,"y":330,"page":0},{"id":1040,"index":977,"char":"А","width":30,"height":34,"xoffset":-4,"yoffset":4,"xadvance":27,"chnl":15,"x":27,"y":294,"page":0},{"id":1041,"index":216,"char":"Б","width":27,"height":34,"xoffset":-1,"yoffset":4,"xadvance":26,"chnl":15,"x":33,"y":252,"page":0},{"id":1042,"index":978,"char":"В","width":27,"height":34,"xoffset":-1,"yoffset":4,"xadvance":25,"chnl":15,"x":58,"y":202,"page":0},{"id":1043,"index":979,"char":"Г","width":27,"height":34,"xoffset":-1,"yoffset":4,"xadvance":23,"chnl":15,"x":80,"y":165,"page":0},{"id":1045,"index":980,"char":"Е","width":27,"height":34,"xoffset":-1,"yoffset":4,"xadvance":23,"chnl":15,"x":107,"y":126,"page":0},{"id":1048,"index":220,"char":"И","width":31,"height":34,"xoffset":-1,"yoffset":4,"xadvance":29,"chnl":15,"x":0,"y":402,"page":0},{"id":1030,"index":971,"char":"І","width":13,"height":34,"xoffset":-1,"yoffset":4,"xadvance":11,"chnl":15,"x":25,"y":366,"page":0},{"id":1050,"index":974,"char":"К","width":31,"height":34,"xoffset":-1,"yoffset":4,"xadvance":26,"chnl":15,"x":0,"y":437,"page":0},{"id":1051,"index":221,"char":"Л","width":33,"height":34,"xoffset":-3,"yoffset":4,"xadvance":29,"chnl":15,"x":0,"y":472,"page":0},{"id":1053,"index":983,"char":"Н","width":31,"height":34,"xoffset":-1,"yoffset":4,"xadvance":29,"chnl":15,"x":32,"y":401,"page":0},{"id":1055,"index":985,"char":"П","width":31,"height":34,"xoffset":-1,"yoffset":4,"xadvance":29,"chnl":15,"x":39,"y":366,"page":0},{"id":1056,"index":986,"char":"Р","width":28,"height":34,"xoffset":-1,"yoffset":4,"xadvance":26,"chnl":15,"x":32,"y":436,"page":0},{"id":1058,"index":988,"char":"Т","width":27,"height":34,"xoffset":1,"yoffset":4,"xadvance":24,"chnl":15,"x":49,"y":329,"page":0},{"id":1059,"index":222,"char":"У","width":29,"height":34,"xoffset":1,"yoffset":4,"xadvance":26,"chnl":15,"x":34,"y":471,"page":0},{"id":1061,"index":989,"char":"Х","width":32,"height":34,"xoffset":-3,"yoffset":4,"xadvance":26,"chnl":15,"x":61,"y":436,"page":0},{"id":1063,"index":225,"char":"Ч","width":27,"height":34,"xoffset":2,"yoffset":4,"xadvance":28,"chnl":15,"x":64,"y":401,"page":0},{"id":1068,"index":230,"char":"Ь","width":26,"height":34,"xoffset":-1,"yoffset":4,"xadvance":26,"chnl":15,"x":71,"y":364,"page":0},{"id":1071,"index":233,"char":"Я","width":30,"height":34,"xoffset":-2,"yoffset":4,"xadvance":26,"chnl":15,"x":92,"y":399,"page":0},{"id":1110,"index":1001,"char":"і","width":13,"height":34,"xoffset":-1,"yoffset":4,"xadvance":10,"chnl":15,"x":58,"y":287,"page":0},{"id":1111,"index":1002,"char":"ї","width":17,"height":34,"xoffset":-1,"yoffset":4,"xadvance":10,"chnl":15,"x":64,"y":471,"page":0},{"id":1081,"index":992,"char":"й","width":25,"height":34,"xoffset":-1,"yoffset":4,"xadvance":24,"chnl":15,"x":82,"y":471,"page":0},{"id":1102,"index":256,"char":"ю","width":34,"height":27,"xoffset":-1,"yoffset":11,"xadvance":33,"chnl":15,"x":124,"y":97,"page":0},{"id":33,"index":5,"char":"!","width":13,"height":34,"xoffset":-1,"yoffset":4,"xadvance":11,"chnl":15,"x":94,"y":434,"page":0},{"id":49,"index":21,"char":"1","width":16,"height":34,"xoffset":3,"yoffset":4,"xadvance":23,"chnl":15,"x":61,"y":237,"page":0},{"id":50,"index":22,"char":"2","width":25,"height":34,"xoffset":-2,"yoffset":4,"xadvance":23,"chnl":15,"x":72,"y":272,"page":0},{"id":52,"index":24,"char":"4","width":26,"height":34,"xoffset":-2,"yoffset":4,"xadvance":23,"chnl":15,"x":78,"y":237,"page":0},{"id":53,"index":25,"char":"5","width":25,"height":34,"xoffset":0,"yoffset":4,"xadvance":23,"chnl":15,"x":86,"y":200,"page":0},{"id":54,"index":26,"char":"6","width":22,"height":34,"xoffset":0,"yoffset":4,"xadvance":23,"chnl":15,"x":108,"y":161,"page":0},{"id":55,"index":27,"char":"7","width":25,"height":34,"xoffset":1,"yoffset":4,"xadvance":23,"chnl":15,"x":77,"y":307,"page":0},{"id":57,"index":29,"char":"9","width":22,"height":34,"xoffset":1,"yoffset":4,"xadvance":23,"chnl":15,"x":98,"y":272,"page":0},{"id":1169,"index":304,"char":"ґ","width":23,"height":33,"xoffset":-1,"yoffset":5,"xadvance":18,"chnl":15,"x":105,"y":235,"page":0},{"id":1076,"index":237,"char":"д","width":29,"height":33,"xoffset":-4,"yoffset":12,"xadvance":25,"chnl":15,"x":112,"y":196,"page":0},{"id":1094,"index":248,"char":"ц","width":25,"height":33,"xoffset":-1,"yoffset":12,"xadvance":24,"chnl":15,"x":131,"y":161,"page":0},{"id":1084,"index":243,"char":"м","width":32,"height":26,"xoffset":-1,"yoffset":12,"xadvance":30,"chnl":15,"x":126,"y":36,"page":0},{"id":59,"index":31,"char":";","width":14,"height":32,"xoffset":-4,"yoffset":12,"xadvance":9,"chnl":15,"x":151,"y":63,"page":0},{"id":1072,"index":990,"char":"а","width":23,"height":27,"xoffset":-1,"yoffset":11,"xadvance":22,"chnl":15,"x":135,"y":125,"page":0},{"id":1077,"index":991,"char":"е","width":23,"height":27,"xoffset":0,"yoffset":11,"xadvance":22,"chnl":15,"x":98,"y":342,"page":0},{"id":1108,"index":259,"char":"є","width":23,"height":27,"xoffset":0,"yoffset":11,"xadvance":22,"chnl":15,"x":98,"y":370,"page":0},{"id":1079,"index":239,"char":"з","width":22,"height":27,"xoffset":-1,"yoffset":11,"xadvance":21,"chnl":15,"x":103,"y":307,"page":0},{"id":1083,"index":242,"char":"л","width":27,"height":26,"xoffset":-3,"yoffset":12,"xadvance":24,"chnl":15,"x":159,"y":36,"page":0},{"id":1086,"index":993,"char":"о","width":24,"height":27,"xoffset":0,"yoffset":11,"xadvance":23,"chnl":15,"x":167,"y":0,"page":0},{"id":1089,"index":995,"char":"с","width":23,"height":27,"xoffset":0,"yoffset":11,"xadvance":21,"chnl":15,"x":121,"y":269,"page":0},{"id":58,"index":30,"char":":","width":12,"height":27,"xoffset":-1,"yoffset":12,"xadvance":10,"chnl":15,"x":129,"y":230,"page":0},{"id":1074,"index":235,"char":"в","width":24,"height":26,"xoffset":-1,"yoffset":12,"xadvance":23,"chnl":15,"x":122,"y":335,"page":0},{"id":1075,"index":236,"char":"г","width":22,"height":26,"xoffset":-1,"yoffset":12,"xadvance":17,"chnl":15,"x":122,"y":362,"page":0},{"id":1080,"index":240,"char":"и","width":25,"height":26,"xoffset":-1,"yoffset":12,"xadvance":24,"chnl":15,"x":126,"y":297,"page":0},{"id":1082,"index":241,"char":"к","width":26,"height":26,"xoffset":-1,"yoffset":12,"xadvance":22,"chnl":15,"x":142,"y":195,"page":0},{"id":1085,"index":244,"char":"н","width":25,"height":26,"xoffset":-1,"yoffset":12,"xadvance":24,"chnl":15,"x":157,"y":153,"page":0},{"id":1087,"index":245,"char":"п","width":25,"height":26,"xoffset":-1,"yoffset":12,"xadvance":24,"chnl":15,"x":142,"y":222,"page":0},{"id":1090,"index":246,"char":"т","width":23,"height":26,"xoffset":0,"yoffset":12,"xadvance":20,"chnl":15,"x":145,"y":249,"page":0},{"id":1093,"index":997,"char":"х","width":26,"height":26,"xoffset":-3,"yoffset":12,"xadvance":20,"chnl":15,"x":168,"y":222,"page":0},{"id":1095,"index":249,"char":"ч","width":22,"height":26,"xoffset":1,"yoffset":12,"xadvance":22,"chnl":15,"x":169,"y":180,"page":0},{"id":1100,"index":254,"char":"ь","width":22,"height":26,"xoffset":-1,"yoffset":12,"xadvance":22,"chnl":15,"x":159,"y":96,"page":0},{"id":1103,"index":257,"char":"я","width":26,"height":26,"xoffset":-3,"yoffset":12,"xadvance":22,"chnl":15,"x":159,"y":123,"page":0},{"id":44,"index":16,"char":",","width":11,"height":14,"xoffset":-4,"yoffset":29,"xadvance":8,"chnl":15,"x":157,"y":180,"page":0},{"id":45,"index":17,"char":"-","width":14,"height":7,"xoffset":-1,"yoffset":20,"xadvance":11,"chnl":15,"x":167,"y":28,"page":0},{"id":39,"index":11,"char":"'","width":9,"height":14,"xoffset":2,"yoffset":3,"xadvance":7,"chnl":15,"x":61,"y":272,"page":0},{"id":34,"index":6,"char":"\"","width":14,"height":14,"xoffset":2,"yoffset":3,"xadvance":13,"chnl":15,"x":169,"y":207,"page":0},{"id":46,"index":18,"char":".","width":9,"height":9,"xoffset":-1,"yoffset":30,"xadvance":11,"chnl":15,"x":122,"y":389,"page":0},{"id":32,"index":4,"char":" ","width":0,"height":0,"xoffset":-2,"yoffset":34,"xadvance":10,"chnl":15,"x":87,"y":63,"page":0}],"info":{"face":"Roboto-Italic","size":42,"bold":0,"italic":0,"charset":["А","Б","В","Г","Ґ","Д","Е","Є","Ж","З","И","І","Ї","Й","К","Л","М","Н","О","П","Р","С","Т","У","Ф","Х","Ц","Ч","Ш","Щ","Ь","Ю","Я","а","б","в","г","ґ","д","е","є","ж","з","и","і","ї","й","к","л","м","н","о","п","р","с","т","у","ф","х","ц","ч","ш","щ","ь","ю","я"," ",".",",",";",":","-","?","!","'","\"","(",")","0","1","2","3","4","5","6","7","8","9"],"unicode":1,"stretchH":100,"smooth":1,"aa":1,"padding":[2,2,2,2],"spacing":[0,0]},"common":{"lineHeight":44,"base":34,"scaleW":512,"scaleH":512,"pages":1,"packed":0,"alphaChnl":0,"redChnl":0,"greenChnl":0,"blueChnl":0},"distanceField":{"fieldType":"msdf","distanceRange":4},"kernings":[{"first":46,"second":39,"amount":-3},{"first":46,"second":34,"amount":-3},{"first":44,"second":39,"amount":-3},{"first":44,"second":34,"amount":-3},{"first":39,"second":39,"amount":-2},{"first":39,"second":34,"amount":-2},{"first":34,"second":39,"amount":-2},{"first":34,"second":34,"amount":-2}]}